"MSCS, Systems",CS,6210,Core
"MSCS, Systems",CS,6241,Core
"MSCS, Systems",CS,6250,Core
"MSCS, Systems",CS,6290,Core
"MSCS, Systems",CS,6300,Core
"MSCS, Systems",CS,6390,Core
"MSCS, Systems",CS,6400,Core
"MSCS, Systems",CS,6505,Core
"MSCS, Systems",CS,6515,Core
"MSCS, Systems",CS,6035,Elective
"MSCS, Systems",CS,6200,Elective
"MSCS, Systems",CS,6220,Elective
"MSCS, Systems",CS,6235,Elective
"MSCS, Systems",CS,6238,Elective
"MSCS, Systems",CS,6260,Elective
"MSCS, Systems",CS,6262,Elective
"MSCS, Systems",CS,6263,Elective
"MSCS, Systems",CS,6291,Elective
"MSCS, Systems",CS,6310,Elective
"MSCS, Systems",CS,6340,Elective
"MSCS, Systems",CS,6365,Elective
"MSCS, Systems",CS,6422,Elective
"MSCS, Systems",CS,6550,Elective
"MSCS, Systems",CS,6675,Elective
"MSCS, Systems",CS,7210,Elective
"MSCS, Systems",CS,7260,Elective
"MSCS, Systems",CS,7270,Elective
"MSCS, Systems",CS,7280,Elective
"MSCS, Systems",CS,7290,Elective
"MSCS, Systems",CS,7292,Elective
"MSCS, Systems",CS,7560,Elective
"MSCS, Systems",CS,8803,Elective
"MSCS, Systems",CSE,6220,Elective
